Link Name,Center of Mass X,Center of Mass Y,Center of Mass Z,Center of Mass Roll,Center of Mass Pitch,Center of Mass Yaw,Mass,Moment Ixx,Moment Ixy,Moment Ixz,Moment Iyy,Moment Iyz,Moment Izz,Visual X,Visual Y,Visual Z,Visual Roll,Visual Pitch,Visual Yaw,Mesh Filename,Color Red,Color Green,Color Blue,Color Alpha,Collision X,Collision Y,Collision Z,Collision Roll,Collision Pitch,Collision Yaw,Collision Mesh Filename,Material Name,SW Components,Coordinate System,Axis Name,Joint Name,Joint Type,Joint Origin X,Joint Origin Y,Joint Origin Z,Joint Origin Roll,Joint Origin Pitch,Joint Origin Yaw,Parent,Joint Axis X,Joint Axis Y,Joint Axis Z,Limit Effort,Limit Velocity,Limit Lower,Limit Upper,Calibration rising,Calibration falling,Dynamics Damping,Dynamics Friction,Safety Soft Upper,Safety Soft Lower,Safety K Position,Safety K Velocity
head,-0.0202156710748115,-1.43465418462842E-07,-1.56480055908645E-06,0,0,0,0.0366319470948477,6.20591511809944E-06,-5.30087560675052E-11,1.18696434390736E-09,8.25464507263961E-06,-2.13167538413562E-10,7.9841166433742E-06,0,0,0,0,0,0,package://kanake6_sim_0808_4.SLDASM/meshes/head.STL,0.894117647058823,0.913725490196078,0.929411764705882,1,0,0,0,0,0,0,package://kanake6_sim_0808_4.SLDASM/meshes/head.STL,,kanake6_head-1;kanake6_cover_head-1,global_origin,,,,0,0,0,0,0,0,,0,0,0,,,,,,,,,,,,
Link1,-0.0149144121017575,-3.73601402370638E-07,2.49693079046398E-08,0,0,0,0.0712511533582805,1.04159884007023E-05,1.86218037779566E-10,-3.01043285853867E-11,1.64748507384434E-05,-1.82879175460889E-10,1.64641321531213E-05,0,0,0,0,0,0,package://kanake6_sim_0808_4.SLDASM/meshes/Link1.STL,0.894117647058823,0.913725490196078,0.929411764705882,1,0,0,0,0,0,0,package://kanake6_sim_0808_4.SLDASM/meshes/Link1.STL,,kanake6_module-15;kanake6_cover_module-15,Origin_j1,Axis_j1,j1,revolute,-0.0473500000047962,0,0,-1.5707963267949,0,0,head,0,0,1,0,0,0,0,,,,,,,,
Link2,-0.0149144121027439,3.73601402673656E-07,-2.49693082275148E-08,0,0,0,0.0712511533582804,1.04159884007023E-05,-1.86218037781345E-10,3.01043285841085E-11,1.64748507384434E-05,-1.8287917545946E-10,1.64641321531213E-05,0,0,0,0,0,0,package://kanake6_sim_0808_4.SLDASM/meshes/Link2.STL,0.894117647058823,0.913725490196078,0.929411764705882,1,0,0,0,0,0,0,package://kanake6_sim_0808_4.SLDASM/meshes/Link2.STL,,kanake6_module-14;kanake6_cover_module-14,Origin_j2,Axis_j2,j2,revolute,-0.0426,0,0,1.5707963267949,0,0,Link1,0,0,1,0,0,0,0,,,,,,,,
Link3,-0.0149144121037305,-3.73601402389964E-07,2.49693078994172E-08,0,0,0,0.0712511533582807,1.04159884007024E-05,1.86218037778639E-10,-3.01043285855072E-11,1.64748507384434E-05,-1.8287917546012E-10,1.64641321531213E-05,0,0,0,0,0,0,package://kanake6_sim_0808_4.SLDASM/meshes/Link3.STL,0.894117647058823,0.913725490196078,0.929411764705882,1,0,0,0,0,0,0,package://kanake6_sim_0808_4.SLDASM/meshes/Link3.STL,,kanake6_module-13;kanake6_cover_module-13,Origin_j3,Axis_j3,j3,revolute,-0.0426,0,0,-1.5707963267949,0,0,Link2,0,0,1,0,0,0,0,,,,,,,,
Link4,-0.014914412104717,3.73601402679989E-07,-2.49693078684838E-08,0,0,0,0.0712511533582804,1.04159884007023E-05,-1.86218037781387E-10,3.01043285846702E-11,1.64748507384434E-05,-1.82879175459146E-10,1.64641321531213E-05,0,0,0,0,0,0,package://kanake6_sim_0808_4.SLDASM/meshes/Link4.STL,0.894117647058823,0.913725490196078,0.929411764705882,1,0,0,0,0,0,0,package://kanake6_sim_0808_4.SLDASM/meshes/Link4.STL,,kanake6_module-12;kanake6_cover_module-12,Origin_j4,Axis_j4,j4,revolute,-0.0426000000000001,0,0,1.5707963267949,0,0,Link3,0,0,1,0,0,0,0,,,,,,,,
Link5,-0.0149144121057032,-3.73601402771206E-07,2.49693078958993E-08,0,0,0,0.0712511533582805,1.04159884007023E-05,1.86218037769402E-10,-3.01043285813447E-11,1.64748507384434E-05,-1.82879175458866E-10,1.64641321531213E-05,0,0,0,0,0,0,package://kanake6_sim_0808_4.SLDASM/meshes/Link5.STL,0.894117647058823,0.913725490196078,0.929411764705882,1,0,0,0,0,0,0,package://kanake6_sim_0808_4.SLDASM/meshes/Link5.STL,,kanake6_module-11;kanake6_cover_module-11,Origin_j5,Axis_j5,j5,revolute,-0.0426,0,0,-1.5707963267949,0,0,Link4,0,0,1,0,0,0,0,,,,,,,,
Link6,-0.0149144121066896,3.73601402685979E-07,-2.49693064988724E-08,0,0,0,0.0712511533582805,1.04159884007023E-05,-1.86218037775192E-10,3.01043285873544E-11,1.64748507384434E-05,-1.82879175459083E-10,1.64641321531214E-05,0,0,0,0,0,0,package://kanake6_sim_0808_4.SLDASM/meshes/Link6.STL,0.894117647058823,0.913725490196078,0.929411764705882,1,0,0,0,0,0,0,package://kanake6_sim_0808_4.SLDASM/meshes/Link6.STL,,kanake6_module-10;kanake6_cover_module-10,Origin_j6,Axis_j6,j6,revolute,-0.0426,0,0,1.5708,0,0,Link5,0,0,1,0,0,0,0,,,,,,,,
Link7,-0.014914412107676,-3.73601404135501E-07,2.49693078945668E-08,0,0,0,0.0712511533582806,1.04159884007023E-05,1.86218037787259E-10,-3.01043285861876E-11,1.64748507384434E-05,-1.82879175460281E-10,1.64641321531214E-05,0,0,0,0,0,0,package://kanake6_sim_0808_4.SLDASM/meshes/Link7.STL,0.894117647058823,0.913725490196078,0.929411764705882,1,0,0,0,0,0,0,package://kanake6_sim_0808_4.SLDASM/meshes/Link7.STL,,kanake6_module-9;kanake6_cover_module-9,Origin_j7,Axis_j7,j7,revolute,-0.0426,0,0,-1.5707963267949,0,0,Link6,0,0,1,0,0,0,0,,,,,,,,
Link8,-0.0149144121086625,3.73601402681106E-07,-2.49693065571068E-08,0,0,0,0.0712511533582805,1.04159884007023E-05,-1.86218037774057E-10,3.01043285848922E-11,1.64748507384434E-05,-1.82879175459633E-10,1.64641321531214E-05,0,0,0,0,0,0,package://kanake6_sim_0808_4.SLDASM/meshes/Link8.STL,0.894117647058823,0.913725490196078,0.929411764705882,1,0,0,0,0,0,0,package://kanake6_sim_0808_4.SLDASM/meshes/Link8.STL,,kanake6_module-8;kanake6_cover_module-8,Origin_j8,Axis_j8,j8,revolute,-0.0426,0,0,1.5707963267949,0,0,Link7,0,0,1,0,0,0,0,,,,,,,,
Link9,-0.0149144121096488,-3.73601403966509E-07,2.49693079023524E-08,0,0,0,0.0712511533582805,1.04159884007023E-05,1.86218037784249E-10,-3.01043285852313E-11,1.64748507384434E-05,-1.82879175458617E-10,1.64641321531213E-05,0,0,0,0,0,0,package://kanake6_sim_0808_4.SLDASM/meshes/Link9.STL,0.894117647058823,0.913725490196078,0.929411764705882,1,0,0,0,0,0,0,package://kanake6_sim_0808_4.SLDASM/meshes/Link9.STL,,kanake6_module-7;kanake6_cover_module-7,Origin_j9,Axis_j9,j9,revolute,-0.0426,0,0,-1.5707963267949,0,0,Link8,0,0,1,0,0,0,0,,,,,,,,
Link10,-0.0149144121106352,3.73601402682021E-07,-2.49693066177178E-08,0,0,0,0.0712511533582806,1.04159884007023E-05,-1.86218037776686E-10,3.01043285870288E-11,1.64748507384434E-05,-1.82879175460266E-10,1.64641321531214E-05,0,0,0,0,0,0,package://kanake6_sim_0808_4.SLDASM/meshes/Link10.STL,0.894117647058823,0.913725490196078,0.929411764705882,1,0,0,0,0,0,0,package://kanake6_sim_0808_4.SLDASM/meshes/Link10.STL,,kanake6_module-6;kanake6_cover_module-6,Origin_j10,Axis_j10,j10,revolute,-0.0426,0,0,1.5707963267949,0,0,Link9,0,0,1,0,0,0,0,,,,,,,,
LInk11,-0.0149144121016217,-3.73601403947252E-07,2.49693079064027E-08,0,0,0,0.0712511533582805,1.04159884007023E-05,1.86218037780712E-10,-3.01043285810132E-11,1.64748507384434E-05,-1.82879175458604E-10,1.64641321531213E-05,0,0,0,0,0,0,package://kanake6_sim_0808_4.SLDASM/meshes/LInk11.STL,0.894117647058823,0.913725490196078,0.929411764705882,1,0,0,0,0,0,0,package://kanake6_sim_0808_4.SLDASM/meshes/LInk11.STL,,kanake6_module-5;kanake6_cover_module-5,Origin_j11,Axis_j11,j11,revolute,-0.04260000001,0,0,-1.5707963267949,0,0,Link10,0,0,1,0,0,0,0,,,,,,,,
Link12,-0.0149144121026081,3.7360140266623E-07,-2.49693066434054E-08,0,0,0,0.0712511533582805,1.04159884007023E-05,-1.86218037778163E-10,3.01043285854559E-11,1.64748507384434E-05,-1.82879175458545E-10,1.64641321531213E-05,0,0,0,0,0,0,package://kanake6_sim_0808_4.SLDASM/meshes/Link12.STL,0.894117647058823,0.913725490196078,0.929411764705882,1,0,0,0,0,0,0,package://kanake6_sim_0808_4.SLDASM/meshes/Link12.STL,,kanake6_module-4;kanake6_cover_module-4,Origin_j12,Axis_j12,j12,revolute,-0.0426,0,0,1.5707963267949,0,0,LInk11,0,0,1,0,0,0,0,,,,,,,,
Link13,-0.0149144121035945,-3.73601403985894E-07,2.4969307889184E-08,0,0,0,0.0712511533582805,1.04159884007023E-05,1.86218037769167E-10,-3.01043285852837E-11,1.64748507384434E-05,-1.82879175459957E-10,1.64641321531214E-05,0,0,0,0,0,0,package://kanake6_sim_0808_4.SLDASM/meshes/Link13.STL,0.894117647058823,0.913725490196078,0.929411764705882,1,0,0,0,0,0,0,package://kanake6_sim_0808_4.SLDASM/meshes/Link13.STL,,kanake6_module-3;kanake6_cover_module-3,Origin_j13,Axis_j13,j13,revolute,-0.0426,0,0,-1.5707963267949,0,0,Link12,0,0,1,0,0,0,0,,,,,,,,
Link14,-0.014914412104581,3.7360140268683E-07,-2.49693066062861E-08,0,0,0,0.0712511533582805,1.04159884007023E-05,-1.86218037776627E-10,3.01043285849108E-11,1.64748507384434E-05,-1.82879175460148E-10,1.64641321531214E-05,0,0,0,0,0,0,package://kanake6_sim_0808_4.SLDASM/meshes/Link14.STL,0.894117647058823,0.913725490196078,0.929411764705882,1,0,0,0,0,0,0,package://kanake6_sim_0808_4.SLDASM/meshes/Link14.STL,,kanake6_module-2;kanake6_cover_module-2,Origin_j14,Axis_j14,j14,revolute,-0.0426,0,0,1.5707963267949,0,0,Link13,0,0,1,0,0,0,0,,,,,,,,
Link15,-0.0149144121055674,-3.73601403994292E-07,2.49693079071226E-08,0,0,0,0.0712511533582805,1.04159884007023E-05,1.86218037776854E-10,-3.01043285841821E-11,1.64748507384434E-05,-1.82879175458843E-10,1.64641321531214E-05,0,0,0,0,0,0,package://kanake6_sim_0808_4.SLDASM/meshes/Link15.STL,0.894117647058823,0.913725490196078,0.929411764705882,1,0,0,0,0,0,0,package://kanake6_sim_0808_4.SLDASM/meshes/Link15.STL,,kanake6_module-1;kanake6_cover_module-1,Origin_j15,Axis_j15,j15,revolute,-0.0426,0,0,-1.5707963267949,0,0,Link14,0,0,1,0,0,0,0,,,,,,,,
tail,-0.029369081482287,-1.78870155543698E-06,-7.22138155213988E-09,0,0,0,0.101630885268055,1.48846790268216E-05,3.12521137612277E-09,-1.03182631288335E-12,4.61731081327436E-05,-1.31870601123907E-09,4.52018388107927E-05,0,0,0,0,0,0,package://kanake6_sim_0808_4.SLDASM/meshes/tail.STL,0.894117647058823,0.913725490196078,0.929411764705882,1,0,0,0,0,0,0,package://kanake6_sim_0808_4.SLDASM/meshes/tail.STL,,kanake6_tail-1;kanake6_cover_tail-1,Origin_j16,Axis_j16,j16,revolute,-0.0426,0,0,1.5707963267949,0,0,Link15,0,0,1,0,0,0,0,,,,,,,,
